page_id,page_title
25,MHP
691,Mustafa_Kemal_Atatürk
824,Recep_Tayyip_Erdoğan
962,İsmet_İnönü
966,Türkiye_cumhurbaşkanları_listesi
1024,Abdullah_Gül
1077,Ahmet_Necdet_Sezer
1525,Turgut_Özal
1539,Celâl_Bayar
3501,Adnan_Menderes
3503,Erdal_İnönü
3567,PKK
3978,Fahri_Korutürk
4443,Süleyman_Demirel
5168,Cevdet_Sunay
5320,Cemal_Gürsel
5743,Yıldırım_Akbulut
5768,Yargıtay_(Türkiye)
6363,Kenan_Evren
6564,Türkiye_başbakanları_listesi
6565,Fethi_Okyar
6566,Refik_Saydam
8074,Demokratik_Sol_Parti
8277,Liberal_Demokrat_Parti_(Türkiye)
8971,Fethullah_Gülen
9071,Atatürkçülük
9412,Emek_Partisi
9792,ASALA
9855,Tansu_Çiller
11605,12_Mart_Muhtırası
11866,Demokrat_Parti_(1946)
11886,Şükrü_Saracoğlu
12255,Deniz_Baykal
12499,Mesut_Yılmaz
12501,Necmettin_Erbakan
12504,Recep_Peker
14311,Kuzey_Kıbrıs_Türk_Cumhuriyeti
14436,Kadir_Topbaş
14741,Nihat_Erim
15054,Devrimci_Halk_Partisi
15426,Alparslan_Türkeş
15431,12_Eylül_Darbesi
17833,Türkiye_Büyük_Millet_Meclisi
21948,Hakan_Şükür
21978,Millî_Nizam_Partisi
21981,Millî_Selamet_Partisi
21995,1982_Anayasası
22431,Saadet_Partisi
23201,Doğu_Perinçek
23214,Fazilet_Partisi
23216,Adalet_ve_Kalkınma_Partisi
23217,Vural_Savaş
23266,Refah_Partisi
23412,Bülend_Ulusu
23526,Can_Dündar
24021,Ebubekir_Hâzım_Tepeyran
25812,Erkan_Mumcu
27221,Türkiye'de_derin_devlet
27600,Lütfi_Kırdar
29228,Hüseyin_Kıvrıkoğlu
29543,İsmail_Hakkı_Karadayı
29573,Nurettin_Ersin
29592,Faruk_Gürler
29619,Memduh_Tağmaç
29621,Fevzi_Çakmak
35063,Serxwebûn
35268,İslamcılık
35706,22_Şubat_1962_ayaklanması
36123,Şemsettin_Günaltay
36125,Hasan_Saka
36126,Ferit_Melen
36457,Sadi_Irmak
37621,Rauf_Orbay
37756,Erdal_Eren
38374,Muammer_Güler
38547,Naim_Talu
39470,Haşim_İşcan
41131,Suat_Hayri_Ürgüplü
42747,Devlet_Bahçeli
45047,Kıbrıs_Harekâtı
46646,Susurluk_kazası
47524,Çankaya
48198,Hikmet_Çetin
48383,Bülent_Arınç
50137,Halkın_Emek_Partisi
50898,Taşkent_Katliamı
51161,Fahrettin_Kerim_Gökay
51357,Kemal_Unakıtan
51667,Refik_Tulga
51668,Niyazi_Akı
51669,Ethem_Yetkiner
51916,Muhittin_Üstündağ
51920,Ali_Haydar_Yuluğ
52480,Siyaset
52482,Anavatan_Partisi
53284,Ekmeleddin_İhsanoğlu
53469,Milliyetçilik
54806,Cenanizade_Mehmed_Kadri_Paşa
55773,Cengiz_Topel
55963,Kanun_hükmünde_kararname
56872,Halil_Ethem_Eldem
57111,Hekim_İsmail_Paşa
57202,Ahmed_Rasim_Paşa
57804,Vecdi_Gönül
58548,Mehmet_Ali_Şahin
58552,Abdüllatif_Şener
58559,Ali_Babacan
58598,Kürşad_Tüzmen
58677,Beşir_Atalay
58756,Cemil_Çiçek
58759,Abdülkadir_Aksu
58767,Hüseyin_Çelik
58780,Faruk_Nafız_Özak
58791,Recep_Akdağ
58799,Binali_Yıldırım
58804,Mehdi_Eker
58832,Murat_Başesgioğlu
58841,Ali_Coşkun_(siyasetçi)
58844,Hilmi_Güler
58861,Atilla_Koç
58872,Osman_Pepe
63944,Abdullah_Öcalan
63950,Anadolu_ve_Rumeli_Müdâfaa-i_Hukuk_Cemiyeti
63982,Terakkiperver_Cumhuriyet_Fırkası
65245,Med_TV
65255,Roj_TV
66236,Serbest_Cumhuriyet_Fırkası
69705,Takrir-i_Sükûn_Kanunu
71458,Gazi_Mahallesi_olayları
74614,Türkiye_Cumhuriyeti_Anayasa_Mahkemesi
74937,Nabi_Avcı
75240,Ulucanlar_Cezaevi_Müzesi
75386,Emin_Fahrettin_Özdilek
75443,Ahmet_Fikri_Tüzer
75575,İstiklâl_mahkemesi
75682,28_Şubat_süreci
77010,Kanlı_1_Mayıs
77658,Ankara
78994,Doğru_Yol_Partisi
79112,Sosyaldemokrat_Halkçı_Parti
82353,Danıştay_(Türkiye)
82426,Danıştay_saldırısı
82691,Sayıştay_(Türkiye)
83014,Türk_İntikam_Tugayı
83156,Dokuz_Umde
84027,Türkiye_Komünist_Partisi/Marksist-Leninist
84059,Vatansever_Kuvvetler_Güç_Birliği_Hareketi
86153,Bağımsız_Türkiye_Partisi
86996,Avrupa_İnsan_Hakları_Mahkemesi
87816,Sultanahmet_Mitingleri
88085,Sosyalist_Demokrasi_Partisi
90608,Millî_Birlik_Komitesi
90878,Ülkücülük
91158,Uluslararası_Türkçe_Olimpiyatları
91493,Millî_Güvenlik_Kurulu_(Türkiye)
91496,Hâkimler_ve_Savcılar_Kurulu
94561,İncirlik_Hava_Üssü
95724,Babalar_Operasyonu
97807,Sosyal_liberalizm
101194,Kadir_Sarmusak
106907,Aytaç_Yalman
108446,Fahri_Atabey
108578,Bedrettin_Dalan
108807,Çorum_Olayları
109907,Ali_Müfit_Gürtuna
110798,Muhsin_Batur
112269,Devrimci_Halk_Kurtuluş_Partisi-Cephesi
112468,27_Mayıs_Darbesi
112479,Vatan_Cephesi
115956,Demokratik_sosyalizm
116219,Devrimci_Sosyalist_İşçi_Partisi
120053,Aytekin_Kotil
120131,Ulusalcılık
124400,Büyük_Türkiye_Partisi
125238,Muhafazakârlık
125263,Sosyal_demokrasi
125602,Bülent_Ecevit
126908,İstanbul_belediye_başkanları_listesi
127789,Nurettin_Sözen
128886,1950_Türkiye_genel_seçimleri
129000,1954_Türkiye_genel_seçimleri
129002,1957_Türkiye_genel_seçimleri
129003,1961_Türkiye_genel_seçimleri
129006,1965_Türkiye_genel_seçimleri
129009,1969_Türkiye_genel_seçimleri
129010,1973_Türkiye_genel_seçimleri
129018,1977_Türkiye_genel_seçimleri
129021,1983_Türkiye_genel_seçimleri
129023,1987_Türkiye_genel_seçimleri
129024,1991_Türkiye_genel_seçimleri
129027,1995_Türkiye_genel_seçimleri
129770,Melih_Gökçek
129827,Abdullah_Tırtıl
130224,15-16_Haziran_Olayları
132175,Cumhuriyetçi_Güven_Partisi
134213,Ali_Bozer
134272,Mustafa_Pehlivanoğlu
134466,Yeni_Türkiye_Partisi_(2002)
136717,
1584461,
137270,Ülkü_Ocakları
138730,Faruk_Ilgaz
141966,Kanlı_Pazar_(1969)
142616,1961_Anayasası
154835,Hürriyet_Partisi
155216,Egemen_Bağış
159485,Altan_Öymen
161292,2002_Türkiye_genel_seçimleri
162399,Kemal_Hadımlı
170678,Dokuz_Işık
178065,Amfibi_Deniz_Piyade_Tugayı
179680,Sürekli_Aydınlık_İçin_Bir_Dakika_Karanlık_Eylemi
184640,Halkçı_Parti
186303,55._Türkiye_Hükûmeti
186313,56._Türkiye_Hükûmeti
186349,57._Türkiye_Hükûmeti
189332,Recep_Tayyip_Erdoğan_Stadyumu
189835,1999_Türkiye_genel_seçimleri
191599,Tayyar_Altıkulaç
193875,Postmodern_darbe
196219,Türkiye'de_çok_partili_dönem
196837,Türkiye'de_tek_partili_dönem
197971,24_Ocak_kararları
199916,Yüksek_Seçim_Kurulu_(Türkiye)
208846,Türkiye_Cumhuriyeti_Adalet_Bakanlığı
212386,Kuvayı_Milliye_Derneği
217246,Tahkikat_Komisyonu
218466,Türkiye_siyasi_tarihi
219709,1946_Türkiye_genel_seçimleri
223370,Ahmet_Türk
228081,I._Cenevre_Konferansı
231149,27_Mayıs_Hürriyet_ve_Anayasa_Bayramı
236790,Hıdır_Aslan
244104,Hak_ve_Özgürlükler_Partisi
247801,Türkiye_dışişleri_bakanları_listesi
260687,Mehmet_Aydın_(1943_doğumlu_siyasetçi)
263417,Fetullah_Gülen
285803,Recep_Tayyip_Erdoğan_Üniversitesi
290518,Celal_Bayar
290749,2000_Türkiye_cumhurbaşkanlığı_seçimi
294030,555K
295072,İdris_Naim_Şahin
295988,2007_Türkiye_cumhurbaşkanlığı_seçimi
303767,E-muhtıra
308183,2007_Türkiye_genel_seçimleri
309483,Türkiye_millî_eğitim_bakanları_listesi
310353,Büyük_Birlik_Partisi
310904,Muhafazakâr_liberalizm
312524,Sağcılık
316318,Altıncı_Filo'yu_Protesto_Olayları
316654,Cemil_Topuzlu
318059,Yüksek_Askerî_Şûra
319660,Sami_Güçlü
321581,Dava_konusu_olmuş_Recep_Tayyip_Erdoğan_karikatürleri
323697,2007_Ankara_saldırısı
326967,Demokrat_Parti_(2007)
330191,Mustafa_Necdet_Uğur
330817,1999_Türkiye_yerel_seçimleri
330819,1994_Türkiye_yerel_seçimleri
331895,59._Türkiye_Hükûmeti
339666,Bin_Umut_Adayları
350615,Dokuz_Subay_Olayı
352132,Cumhuriyet_Halk_Partisi
359555,Türkiye_içişleri_bakanları_listesi
363040,58._Türkiye_Hükûmeti
366533,Askerî_Yargıtay
371210,54._Türkiye_Hükûmeti
372071,Fahri_Kasırga
373246,Tamer_Yiğit
374062,Meral_Akşener
374500,Türkiye_sağlık_bakanları_listesi
375205,Ahmet_Saner
376024,Türkiye_millî_savunma_bakanları_listesi
376106,Zeki_Ergezen
376216,Cevdet_Selvi
376319,Türkiye_çevre_ve_şehircilik_bakanları_listesi
376599,Güldal_Akşit
376602,İsmet_Yılmaz
376610,Oktay_Vural
379677,Reha_Denemeç
383434,Türkiye_cumhurbaşkanı
390255,Türkiye_başbakan_yardımcıları_listesi
390697,20_Mayıs_1963_ayaklanması
390882,Masum_Türker
390891,Zafer_Çağlayan
390893,Hayati_Yazıcı
390897,Faruk_Çelik
390899,Mustafa_Sait_Yazıcıoğlu
390941,Nazım_Ekren
390965,Veysel_Eroğlu
390990,Ertuğrul_Günay
391007,Osman_Güneş
391042,Mehmet_Şimşek
391098,Teoman_Koman
391744,Mustafa_Üstündağ_(siyasetçi)
391850,Tahsin_Şahinkaya
391880,Nejat_Tümer
391885,Güven_Erkaya
391905,Çevik_Bir
391952,Celal_Eyiceoğlu
392558,2004_Türkiye_yerel_seçimleri
393027,1989_Türkiye_yerel_seçimleri
394997,Selahattin_Çetiner
395079,YouTube'a_Türkiye'den_erişimin_engellenmesi
397326,DTCF_Olayları
399434,Ömer_Çelik
399671,Türkiye_adalet_bakanları_listesi
399911,Türkiye_Cumhuriyeti_Anayasası
400040,Türkiye_enerji_ve_tabii_kaynaklar_bakanları_listesi
403436,TBMM_1981_Danışma_Meclisi
404007,Kemal_Aygün
406279,Hüseyin_Avni_Mutlu
410284,Tuğrul_Türkeş
412818,Temel_Karamollaoğlu
413244,Ömer_Dinçer
417545,Kemal_Alemdaroğlu
421165,TCG_Kocatepe_(D-354)
421494,İlyas_Has
421505,Necdet_Adalı
422465,Çelik_Harekâtı
422603,Aczmendi
423200,Ekim_2007_Dağlıca_saldırısı
425549,Ziverbey_Köşkü
440084,Türkiye_kültür_ve_turizm_bakanları_listesi
443401,İdris_Güllüce
443550,Nur_Serter
447251,Kemal_Gürüz
453513,Sırrı_Süreyya_Önder
456281,Ecmel_Kutay
456285,Server_Paşa
456295,Pepe_Salih_Paşa
456301,Hacı_Hüsam_Efendi
456327,Abdullah_Galib_Paşa
456334,Mehmed_Halet_Paşa
456340,İbrahim_Haydar_Efendi
456353,Ali_Kabuli_Paşa
456460,Ali_Paşa_(Osmanlı_Valisi)
456487,Fevzi_Bey
456497,Ali_Rıza_Bey
456508,Mehmed_Besim_Bey
456797,Hacı_Ahmed_Efendi
456799,Osman_Raşid_Paşa
456810,Hüseyin_Hasib_Bey
456835,Refik_Ali_Rıza_Bey
457626,İsmail_Hakkı_Akansel
458627,Devlet_Güvenlik_Mahkemesi
461034,Faik_Türün
463953,Süleyman_Soylu
467119,Aralık_2007_Kuzey_Irak_Operasyonları
471285,Gülen_hareketi_okulları
473657,HPG_(örgüt)
479889,Pervin_Buldan
483741,Adem_Yavuz
489840,Türkiye_gençlik_ve_spor_bakanları_listesi
495276,Balyoz_Harekâtı
496685,Türkiye'de_başörtüsü_yasağı
499902,Güneş_Harekâtı
504492,Demokratik_Halk_Partisi_(Türkiye)
515846,9_Mart_1971_darbe_teşebbüsü
515907,20_Mayıs_1969_darbe_teşebbüsü
517165,Adalet_ve_Kalkınma_Partisinin_kapatılma_davası
518951,Veysel_Güney
524072,PJAK
528844,2007_Türkiye_anayasa_değişikliği_referandumu
528850,1961_Türkiye_anayasa_referandumu
528854,1982_Türkiye_anayasa_referandumu
528861,1987_Türkiye_anayasa_değişikliği_referandumu
528864,1988_Türkiye_anayasa_değişikliği_referandumu
529136,Uyuşmazlık_Mahkemesi
550479,İsmail_Canbulat
552840,1963_Türkiye_yerel_seçimleri
552841,1968_Türkiye_yerel_seçimleri
552843,1973_Türkiye_yerel_seçimleri
552845,1977_Türkiye_yerel_seçimleri
552847,1984_Türkiye_yerel_seçimleri
552862,1950_Türkiye_yerel_seçimleri
552885,1955_Türkiye_yerel_seçimleri
556241,Emin_Erkul
556652,Rıdvan_İsmail_Paşa
563544,Menderes'in_Dramı?
563852,İhtilalin_Mantığı
565780,İlericilik
582106,Halkın_Kurtuluş_Partisi
585001,TAK_(örgüt)
585357,Ali_Yerlikaya
586967,Kudüs_Mitingi
589742,Erdoğan_Bayraktar
590351,1946_Türkiye_yerel_seçimleri
591031,1923_Türkiye_cumhurbaşkanlığı_seçimi
591038,1927_Türkiye_cumhurbaşkanlığı_seçimi
591039,1931_Türkiye_cumhurbaşkanlığı_seçimi
591041,1935_Türkiye_cumhurbaşkanlığı_seçimi
591065,Zirve_Yayınevi_Katliamı
591404,1938_Türkiye_cumhurbaşkanlığı_seçimi
602980,Sedat_Celasun
603223,Fevzi_Türkeri
605365,Ergenekon_(örgüt)
606515,Başbağlar_Katliamı
607755,"Sarıkız,_Ayışığı,_Yakamoz_ve_Eldiven_darbe_teşebbüsleri"
607862,1402'likler
608647,Askerî_Yüksek_İdare_Mahkemesi
620276,Emekli_İnkılap_Subaylar_Derneği
623747,Özden_Örnek
624047,2008_Güngören_saldırısı
624892,Şamil_Tayyar
625433,İbrahim_Fırtına
625449,Zekeriya_Öz
630217,2005_Kuşadası_saldırıları
632621,1993_Türkiye_cumhurbaşkanlığı_seçimi
636538,Batı_Çalışma_Grubu
636718,Demirkırat
640765,1930_Türkiye_yerel_seçimleri
642484,1989_Türkiye_cumhurbaşkanlığı_seçimi
652003,Suat_Kılıç
666148,Kürt_Sorununda_Demokratik_Çözüm_Bildirgesi
666278,Kemal_Kılıçdaroğlu
671568,1973_Türkiye_cumhurbaşkanlığı_seçimi
671571,1961_Türkiye_cumhurbaşkanlığı_seçimi
671575,1950_Türkiye_cumhurbaşkanlığı_seçimi
671576,1954_Türkiye_cumhurbaşkanlığı_seçimi
671578,1939_Türkiye_cumhurbaşkanlığı_seçimi
671579,1943_Türkiye_cumhurbaşkanlığı_seçimi
671580,1946_Türkiye_cumhurbaşkanlığı_seçimi
671581,1957_Türkiye_cumhurbaşkanlığı_seçimi
671583,1966_Türkiye_cumhurbaşkanlığı_seçimi
674143,2008_Aktütün_saldırısı
687013,Nihat_Ergün
687333,Numan_Kurtulmuş
693345,Barış_ve_Demokrasi_Partisi
693766,Barış_Derneği_Davası
705451,Ergenekon_soruşturması_kronolojisi
711492,Tuncay_Güney
711557,Türkiye'de_insan_hakları
730609,Nurettin_Demirtaş
731054,Halkın_Demokrasi_Partisi
731064,Şaban_Dişli
731284,2009_Türkiye_yerel_seçimleri
761304,Fatma_Şahin
761555,Köksal_Şengün
774502,Mazlum_Doğan
784829,49._Türkiye_Hükûmeti
784903,51._Türkiye_Hükûmeti
784906,Ekonomik_liberalizm
784992,Ermeni_Kırımı
788901,Aşırı_sağ
793241,Bakanlar_Kurulu_(Türkiye)
796299,12_Temmuz_Beyannamesi
814819,Türkiye'deki_sulh_hukuk_mahkemeleri
814840,Türkiye'deki_asliye_hukuk_mahkemeleri
814881,Türkiye'deki_sulh_ceza_mahkemeleri
814891,Türkiye'deki_asliye_ceza_mahkemeleri
815112,Türkiye'deki_idare_mahkemeleri
815158,Sabri_Yirmibeşoğlu
817453,Türkiye'deki_vergi_mahkemeleri
817469,Türkiye'deki_bölge_idare_mahkemeleri
833726,TBMM_1961_Temsilciler_Meclisi
838530,Ahmet_İsvan
850266,Ergenekon_davaları
851426,Halk_TV
854797,53._Türkiye_Hükûmeti
859020,Türkiye'deki_çocuk_mahkemeleri
859413,52._Türkiye_Hükûmeti
859714,Türkiye'deki_çocuk_ağır_ceza_mahkemeleri
860029,Ya_Taksim_Ya_Ölüm
861970,Ahmet_Davutoğlu
862081,Selma_Aliye_Kavaf
862109,Taner_Yıldız
862158,Cevdet_Yılmaz
878408,Cenevre_Antlaşması
881464,Bebek_Davası
881937,Türkiye_Partisi
896353,Andıç_skandalı
900126,Türk-İslam_sentezi
900503,PKK_saldırıları_ve_çatışmaları_kronolojisi_(2000'ler)
905303,Türkiye-PKK_çatışması
910322,Gülen_Davası
921893,20_Temmuz_Barış_ve_Özgürlük_Bayramı
933680,Erdal_Ceylanoğlu
933770,Plevne_Marşı
940359,Çekiç_Harekâtı
942033,PKK'yı_terör_örgütü_kabul_eden_ülke_ve_kuruluşlar
946871,50._Türkiye_Hükûmeti
950968,Diyarbakır_Cezaevi
958199,İkinci_Cumhuriyet
969862,Nefes:_Vatan_Sağolsun
972397,15_Ağustos_1984_PKK_saldırıları
981914,Bekir_Bozdağ
982742,48._Türkiye_Hükûmeti
982949,44._Türkiye_Hükûmeti
983262,45._Türkiye_Hükûmeti
990349,46._Türkiye_Hükûmeti
991456,Berat_Albayrak
991607,47._Türkiye_Hükûmeti
996276,Mürted_Hava_Üssü
997015,Wilson_İlkeleri
1017318,Kurtuluş_Hareketi
1022282,BDP
1039775,Muharrem_İnce
1042332,Çetin_Doğan
1048942,Mevlüt_Çavuşoğlu
1055976,KCK
1062161,Balyoz_(darbe_planı)
1071102,Mehmet_Ali_Alabora
1079156,2010_Türkiye_anayasa_değişikliği_referandumu
1090514,Şerif_Mehmed_Rauf_Paşa
1092350,Hakan_Fidan
1097535,1935_Türkiye_genel_seçimleri
1097549,1939_Türkiye_genel_seçimleri
1097552,1943_Türkiye_genel_seçimleri
1102862,Mehmet_Tevfik_Biren
1112690,Sadullah_Ergin
1117656,Vasip_Şahin
1121464,1._Komando_Tugayı
1121466,2._Komando_Tugayı
1129797,Pınarcık_Katliamı
1129826,Yavi_Katliamı
1129838,PKK_saldırıları_ve_çatışmaları_kronolojisi_(1990'lar)
1129839,PKK_saldırıları_ve_çatışmaları_kronolojisi_(1980'ler)
1129840,PKK_saldırıları_ve_çatışmaları_kronolojisi_(2010'lar)
1130476,Mavi_Çarşı_Katliamı
1131915,Merve_Kavakcı
1137178,Atmaca_Harekâtı
1141338,"Muratağa,_Sandallar_ve_Atlılar_Katliamı"
1149529,Osman_Fazıl_Polat
1154197,Emine_Erdoğan
1159750,Selahattin_Demirtaş
1171866,Halkın_Sesi_Partisi
1174671,2011_Türkiye_genel_seçimleri
1175482,TKP/ML_Hareketi
1176273,Adalet_Partisi
1177662,Millî_Görüş
1179705,Recep_Tayyip_Erdoğan_tarafından_yapılan_başbakanlık_ziyaretleri_listesi
1197226,Türkiye'de_sansür
1204828,Türkiye_başbakanı
1206763,Askerî_casusluk_ve_şantaj_davası
1210948,Ahmet_Kahraman
1210950,Habip_Soluk
1216934,2003_Türkiye_milletvekili_ara_seçimleri
1241640,İmamın_Ordusu
1243387,Ali_Ağaoğlu
1277934,"Emek,_Demokrasi_ve_Özgürlük_Bloku"
1294027,Olağanüstü_hâl
1295368,İnternetime_Dokunma!
1296835,Şefik_Erensü
1301991,21_Ekim_Protokolü
1305330,Türkiye_Cumhuriyeti_Avrupa_Birliği_Bakanlığı
1305335,Türkiye_Cumhuriyeti_Kalkınma_Bakanlığı
1305599,Akif_Çağatay_Kılıç
1308637,TBMM_yemin_krizi
1309241,Hormonlu_Domates
1309351,Emine_Ülker_Tarhan
1310106,Abdülvahit_Erdoğan
1312344,Demokratik_açılım
1312711,Poyrazköy_davası
1314195,Lütfi_Elvan
1314221,2011_Silvan_saldırısı
1315794,Ortabağ_Katliamı
1317883,Yeni_Osmanlıcılık
1320873,Nimet_Baş
1325919,Murat_Karayılan
1327930,2014_Türkiye_cumhurbaşkanlığı_seçimi
1338481,Sosyal_Demokrasi_Partisi
1354074,Türkiye'de_askerî_müdahaleler
1355505,Ekim_2011_Çukurca_saldırısı
1356650,Maoist_Komünist_Partisi
1361174,Türkiye'deki_ağır_ceza_mahkemeleri
1372187,Kayıp_Trilyon_Davası
1398260,Maraş_Katliamı
1399818,Roboski_Katliamı
1403560,2014_Türkiye_yerel_seçimleri
1406848,Murat_Operasyonu
1408946,Kemal_Pir
1410245,Türkiye_Cumhuriyeti_Devlet_Bakanlığı
1413731,Haziran_2015_Türkiye_genel_seçimleri
1416592,İstanbul_Onur_Yürüyüşü
1425604,Türkiye'deki_icra_mahkemeleri
1425611,Türkiye'deki_aile_mahkemeleri
1425695,Türkiye'deki_iş_mahkemeleri
1426253,Türkiye'deki_asliye_ticaret_mahkemeleri
1426329,Türkiye'deki_tüketici_mahkemeleri
1442872,Erol_Özkasnak
1447756,Cumhuriyet_Mitingleri
1450244,1923_Türkiye_genel_seçimleri
1459406,Vedat_Bilgin
1471526,1927_Türkiye_genel_seçimleri
1476150,Otoriteryanizm
1477153,Hukuk_mahkemeleri
1482996,PYD
1485716,Gülen_Hareketi
1488842,Cemil_Bayık
1489352,Kani_Yılmaz
1489727,Zübeyir_Aydar
1489789,Şemdin_Sakık
1490251,Ali_Haydar_Kaytan
1490294,Fehman_Hüseyin
1490627,Mustafa_Karasu
1499213,2012_Gaziantep_saldırısı
1502838,Mahsum_Korkmaz
1507512,Çevrimli_Katliamı
1507660,Çetinkaya_Mağazası_Katliamı
1507990,Susa_Katliamı
1508096,Fatih_Şahin_(milletvekili)
1508196,YPG
1508248,Eylül_2012_Hakkâri-Yüksekova-Şemdinli_Harekâtı
1508470,Eylül_2012_Beytüşşebap_saldırısı
1508477,Emrullah_İşler
1508873,2012_Bingöl_saldırıları
1516096,Engin_Alan
1521502,1980_Türkiye_cumhurbaşkanlığı_seçimi
1523992,Nükleer_santral_karşıtı_insan_zinciri
1535924,Cumhuriyet_için_Seferberlik_Buluşması
1537523,Türkiye'de_açlık_grevleri
1547193,Yeşiller_ve_Sol_Gelecek_Partisi
1555352,Kürdistan_Demokrat_Partisi/Kuzey
1570743,Mehmet_Müezzinoğlu
1571688,Nurettin_Canikli
1572939,Remzi_Kartal
1587969,İmralı_görüşmeleri
1596981,Akil_İnsanlar_Heyeti
1609187,Ekonomik_milliyetçilik
1615995,Kamil_Kırıkoğlu
1616590,Mehmed_Celal_Bey
1616807,Gezi_Parkı_olayları
1617662,Hüseyin_Kazım_Kadri
1617996,Çapulcu
1618610,Gezi_Parkı_olaylarında_Türk_basınının_uyguladığı_sansür
1618700,Recep_Tayyip_Erdoğan'ın_seçimler_tarihi
1621385,Ethem_Sarısülük
1628069,Gezi_Parkı_olayları_zaman_çizelgesi
1632825,Saltanatın_kaldırılması
1637412,1931_Türkiye_genel_seçimleri
1658494,Hulusi_Akar
1659586,Özel_Yetkili_Ağır_Ceza_Mahkemeleri
1659595,Ceza_mahkemeleri
1661598,Türk_modeli
1663944,Ali_İsmail_Korkmaz
1666251,28_Şubat_davası
1666952,Akın_Öztürk
1667847,Yakup_Köse
1678278,Halkların_Demokratik_Partisi
1681879,Liberal_muhafazakârlık
1681888,Sosyal_muhafazakârlık
1681889,Ulusal_muhafazakârlık
1692060,Fikri_Işık
1692061,Nihat_Zeybekci
1692062,Ayşenur_İslam
1692210,Rıza_Sarraf
1692366,Turhan_Çolakkadı
1692558,17_Aralık_yolsuzluk_ve_rüşvet_soruşturması
1694603,İbrahim_Okur
1700875,Birleşik_Koruyucu_Harekâtı
1708797,Sosyalist_Yeniden_Kuruluş_Partisi
1709034,AK_Parti-Gülen_Hareketi_çatışması
1714723,Berkin_Elvan
1715277,Bilal_Erdoğan
1715540,Sümeyye_Erdoğan
1717949,Twitter'a_Türkiye'den_erişimin_engellenmesi
1735460,YDG-H
1745539,Figen_Yüksekdağ
1752891,Hak_ve_Adalet_Partisi
1756431,Komünist_Parti_(Türkiye)
1760875,Halkların_Demokratik_Kongresi
1765927,Çözüm_süreci
1766572,61._Türkiye_Hükûmeti
1766574,62._Türkiye_Hükûmeti
1766578,60._Türkiye_Hükûmeti
1770174,Ümit_Dündar
1771195,Recep_Tayyip_Erdoğan_tarafından_yapılan_cumhurbaşkanlığı_ziyaretleri_listesi
1776990,Demokratik_Bölgeler_Partisi
1780203,Kobani_Olayları
1788955,Anadolu_Partisi
1791563,Millet_ve_Adalet_Partisi
1792657,Ezilenlerin_Sosyalist_Partisi
1806592,1993_Bingöl_saldırısı
1814196,Vatan_Partisi_(2015)
1816304,Şah_Fırat_Operasyonu
1902962,Kabataş_Olayı
1913757,Bu_Şarkı_Burada_Bitmez
1916463,YJA_STAR
1926845,2012_İstanbul_Hocalı_Katliamını_Anma_Töreni
1928818,Mithat_Sancar
1933271,Kürdistan_Komünist_Partisi_(Türkiye)
1935045,İdris_Baluken
1936783,28-29_Nisan_Olayları
1936862,2018_Türkiye_genel_seçimleri
1938422,Türkiye'deki_sulh_ceza_hakimlikleri
1955452,1996_Tunceli_saldırısı
1957412,Kürt_siyasi_hareketi
2004893,Kasım_2015_Türkiye_genel_seçimleri
2010451,Yeni_Çeltek_olayları
2010798,Türkiye'de_antikomünizm
2010819,63._Türkiye_Hükûmeti
2011289,Kanlı_Postal
2014948,Derinlemesine_Araştırma_Laboratuvarı
2018569,Türkiye_ekonomi_bakanları_listesi
2018600,Türkiye-IŞİD_çatışması
2021149,Selin_Sayek_Böke
2026569,Recep_Tayyip_Erdoğan'ın_2014_cumhurbaşkanlığı_seçimi_kampanyası
2028570,Mehmet_Cahit_Turhan
2031106,Demokratik_konfederalizm
2035490,Tariş_Olayları
2037013,Kayyım
2042694,64._Türkiye_Hükûmeti
2045047,Sema_Ramazanoğlu
2046571,1996_Sivas_saldırısı
2047112,1996_Adana_saldırısı
2047195,2006_Van_saldırısı
2047210,1998_Van_saldırısı
2053644,2015-16_Şırnak_çatışmaları
2053914,Hendek_operasyonları
2054081,Esat_Oktay_Yıldıran
2054542,Şafak_Harekâtı
2055956,YPS
2056252,Haziran-Ağustos_2012_Hakkâri_saldırıları
2056269,2010_İstanbul_saldırısı
2057121,Reşadiye_saldırısı
2057232,Nihat_Erim_suikastı
2058012,Kürdistan_Devrim_Partisi
2059565,Kürdistan_İslami_Hareketi_(Türkiye)
2059623,2008_Diyarbakır_saldırısı
2060533,Muzaffer_Ayata
2060745,Ocak_2016_Diyarbakır_saldırısı
2061597,Barış_İçin_Akademisyenler_bildirisi
2063026,2011_TSK_sınır_ötesi_harekâtları
2063728,Türk_Silahlı_Kuvvetleri'nin_Kuzey_Irak'ta_yaptığı_operasyonlar_listesi
2063959,PKK_saldırıları_(2015-günümüz)
2064049,2015_Dağlıca_saldırısı
2064256,2015_Iğdır_saldırısı
2064358,2015_Siirt_saldırısı
2064485,1992_Taşdelen_saldırısı
2064780,Süpürge_Harekâtı
2064835,Şehit_Yalçın_Operasyonu
2065094,2010_İskenderun_saldırısı
2065961,Ağustos_2011_Çukurca_saldırısı
2069219,2016_Hakkâri_çatışmaları
2069627,Kürdistan_İslam_Partisi
2071549,Zekeriya_Önge
2071621,Türkiye-YPG_çatışması
2073368,Ekim_1992_sınır_ötesi_harekatı
2073545,Hakurk_Operasyonu
2074115,Şubat_2016_Ankara_saldırısı
2074316,Şubat_2016_Lice_saldırısı
2075760,Cerattepe_protestoları
2075878,Paralel_Devlet_Operasyonu
2083810,Halkların_Birleşik_Devrim_Hareketi
2084351,Mart_2016_Ankara_saldırısı
2084459,2015-16_Sur_çatışmaları
2084604,2010_Hakkâri_saldırısı
2085558,Zekai_Aksakallı
2086347,Mart_2016_Kuzey_Irak_Operasyonları
2087063,Taksim_Mitingi
2088870,Mart_2016_Lice_saldırısı
2089747,Cuma_Tak
2091318,Mart_2016_Diyarbakır_saldırısı
2095495,Mamak_Askerî_Cezaevi
2097387,Pirin_Palas
2097421,12_Eylül_Davası
2101633,2016_Bursa_saldırısı
2103877,Muhafazakâr_demokrasi
2105739,Hülya_Oran
2107034,Mehmet_Muş
2107997,Türkiye'de_sağ-sol_çatışması
2110064,65._Türkiye_Hükûmeti
2112598,Adalet_Yürüyüşü
2113338,Dürümlü_Katliamı
2113848,Pelikan_dosyası_(liste)
2114882,İmralı'da_Bir_Tiran:_Abdullah_Öcalan
2116169,2016_Vezneciler_saldırısı
2118496,Duran_Kalkan
2129425,Yurtta_Sulh_Konseyi
2129462,Tijen_Karaş
2130531,İstanbul_Onur_Haftası
2131049,Olağanüstü_Hâl_Kanunu
2131414,Ömer_Halisdemir
2134580,29_Temmuz_2016_Hakkâri_saldırısı
2136328,Hande_Fırat
2140781,Reis_(film)
2142316,Ağustos_2016_Van_saldırısı
2144586,Fırat_Kalkanı_Harekâtı
2145636,2016_Cizre_saldırısı
2146882,Sabiha_Gökçen_Havalimanı_saldırısı
2150575,27_Aralık_Muhtırası
2150990,Abdulhamit_Gül
2152133,Eylül_2016_Van_saldırısı
2153095,Serhildan
2156024,Mart_2006_Diyarbakır_olayları
2156833,Türkiyem_(şarkı)
2159594,2016_Şemdinli_saldırısı
2160078,Türkiye'de_tutuklanan_gazeteciler_listesi
2162904,Türkiye'de_muhafazakârlık
2166282,Adil_Öksüz
2169459,Kasım_2016_Diyarbakır_saldırısı
2177876,Davutoğlu-Erdoğan_gerginliği
2178057,2016-18_Türkiye_tasfiyeleri
2181002,Emel_Korkmaz
2183984,2016_Elazığ_saldırısı
2184497,2016_Midyat_saldırısı
2184550,Kuzey_Halep_Taarruzu_(Şubat_2016)
2191074,Ahmet_Burak_Erdoğan
2192565,Erdal_Öztürk
2193855,Devrimci_Komünarlar_Partisi
2196868,2017_Türkiye_anayasa_değişikliği_referandumu
2198455,2011_Ankara_Kumrular_saldırısı
2200663,Bekir_Pakdemirli
2205245,Kuzey_El-Bab_operasyonu
2206973,Semih_Terzi
2214906,Mustafa_Cambaz
2219869,Subhi_Aslan
2219874,Mehmed_Arif_Paşa
2219879,Reşid_Mümtaz_Paşa
2219882,Reşid_Paşa
2220055,Ahmed_Şükrü_Bey
2224394,2017_Diyarbakır_saldırısı
2224486,Danıştay_Saldırısı
2225345,TBMM_FETÖ'nün_Darbe_Girişimini_Araştırma_Komisyonu
2226055,Güneş_Motel_Olayı
2226535,Ankara_faili_meçhul_cinayetler_davası
2228806,Adalet_ve_Kalkınma_Partisi_genel_başkanları_listesi
2229944,Mazlum_Kobani
2230444,Vikipedi'ye_Türkiye'den_erişimin_engellenmesi
2242303,3._Adalet_ve_Kalkınma_Partisi_Olağanüstü_Kongresi
2250070,Adalet_Yürüyüşü_(2017)
2283182,Mevlüt_Uysal
2289680,İYİ_Parti
2292269,Erdoğanizm
2296918,Mehmet_Zafer_Çağlayan
2300833,2013_Paris_cinayetleri
2304532,2018_Türkiye_cumhurbaşkanlığı_seçimi
2307190,Zeytin_Dalı_Harekâtı
2307861,El-Bab_Savaşı
2308082,2016_Dabık_operasyonu
2312770,Zeytin_Dalı_Harekâtı_muharebe_düzeni
2315075,Mahalle_baskısı
2318175,Esra_Erdoğan
2318909,Zeytin_Dalı_Harekâtı_kronolojisi
2319084,2015_Ceylanpınar_saldırısı
2323442,İsmail_Kahraman_(siyasetçi)
2325400,2019_Türkiye_yerel_seçimleri
2326512,Cumhur_İttifakı
2326956,Türkiye_cumhurbaşkanı_yardımcısı
2332607,15_Temmuz_Darbe_Girişimi
2333642,2018-21_Türkiye_döviz_ve_borç_krizi
2335080,Kararlılık_Harekâtı
2335590,"Mustafa_Demir_(siyasetçi,_1961)"
2340015,11_Havacı_Olayı
2340231,İbrahim_Parlak
2341754,Fuat_Oktay
2341775,Mustafa_Varank
2341780,Ruhsar_Pekcan
2341782,Fatih_Dönmez
2341787,Zehra_Zümrüt_Selçuk
2341805,Türkiye_ticaret_bakanları_listesi
2341806,Türkiye_sanayi_ve_teknoloji_bakanları_listesi
2341809,Türkiye_tarım_ve_orman_bakanları_listesi
2341810,Türkiye_ulaştırma_ve_altyapı_bakanları_listesi
2341811,Türkiye_hazine_ve_maliye_bakanları_listesi
2341846,Fahrettin_Koca
2341860,66._Türkiye_Hükûmeti
2341924,Ziya_Selçuk
2342711,Mehmet_Nuri_Ersoy
2346135,Sağ_popülizm
2346267,Türkiye_İşçi_Partisi_(2017)
2346585,Murat_Kurum
2347247,"Türkiye_çalışma,_sosyal_hizmetler_ve_aile_bakanları_listesi"
2347276,Mehmet_Kasapoğlu
2349877,İsmail_Özden_(PKK_yöneticisi)
2350172,2016_Türkiye_askerî_darbe_girişimi
2356574,İstanbul_Havalimanı_protestoları
2371780,Taksim
2373308,Sezai_Selek
2374524,Tayyipler_Âlemi
2377824,Ekrem_İmamoğlu
2381921,Gezi_Parkı_protestoları
2383388,2013_Taksim_Gezi_Parkı_protestolarında_Türk_basınının_uyguladığı_sansür
2390692,Türkiye'deki_bölge_adliye_mahkemeleri
2392553,Ziyaettin_Yağcı
2397967,Bir_sonraki_Türkiye_genel_seçimleri
2402963,2019_İstanbul_ara_yerel_seçimi
2429420,Gezi_Parkı_davası
2447715,Osman_Kavala
2447728,Pençe_Operasyonları
2452168,Jineoloji
2458755,2019_Türkiye_kayyım_atamaları
2463398,1993_Türkiye_askerî_darbe_iddiaları
2463403,Doğu_Çalışma_Grubu
2463406,Kale_Planı
2465393,Türkiye-DHKP-C_çatışması
2465444,Türkiye'de_Maocu_çatışması
2467511,Barış_Pınarı_Harekâtı
2467607,Jandarma_Özel_Harekat
2467731,Barış_Pınarı_Harekâtı'na_karşı_tepkiler
2467737,Zeytin_Dalı_Harekâtı'na_karşı_tepkiler
2467742,Barış_Pınarı_Harekâtı'nda_taraflar
2468612,Barış_Pınarı_Harekâtı_kronolojisi
2469063,Kıbrıs_Şehitliği_(Silifke)
2469955,Soçi_Mutabakatı_(2019)
2469994,Ankara_Mutabakatı
2474645,"Faik_Öztrak_(siyasetçi,_1954)"
2490898,Gelecek_Partisi
2499391,Özgürlük_ve_Dayanışma_Partisi
2534279,Mehmet_Mümtaz_Tarhan
2536070,Erdoğan_Hastanesi
2536811,Selçuk_Bayraktar
2542574,Suriye_İç_Savaşı'nda_Türkiye
2557384,İkinci_Libya_İç_Savaşı'nda_Türkiye
2559674,Bahar_Kalkanı_Harekâtı
2564409,Demokrasi_ve_Atılım_Partisi
2570093,Anıtkabir'de_düzenlenen_miting_ve_protestolar
2572520,Adil_Karaismailoğlu
2578653,Bir_sonraki_Türkiye_cumhurbaşkanlığı_seçimi
2580938,Taksim_Mitingi_(2016)
2585271,Niki_Operasyonu
2602382,Türkiye'nin_Suriye_ve_Irak'a_Nisan_2017'deki_hava_saldırıları
2603544,Böhmermann_olayı
2606573,Uçun_Kuşlar_Uçun_İzmir'e_Doğru
2609840,ByLock
2616009,Yaralısın
2620903,Pençe_Harekatı
2625889,Mayıs_2016_Diyarbakır_bombalı_saldırısı
2626317,Ceyda_Sungur
2626933,Erdem_Gündüz
2627039,Türk_Silahlı_Kuvvetlerinin_Suriye'ye_yaptığı_operasyonlar_listesi
2628596,14_Mayıs_2020_PKK_saldırısı
2650417,1920_Türkiye_Büyük_Millet_Meclisi_Seçimi
2718959,Son_Darbe:_28_Şubat
2722884,Pençe-Kartal_Operasyonu
2727723,Zincirbozan
2733901,Yenilik_Partisi
2737249,Mavi_Vatan
2742961,Geyikli_Olayları
2745340,Kuşkonar_ve_Koçağılı_köylerinin_bombalanması
2767311,Güç_Birliği_Cephesi
2788197,Dış_mihraklar
2788368,Aferistler
2788448,Dava_adamı
2788729,Güniz_Sokak
2789038,Sine-i_millete_dönmek
2790040,Beyaz_ihtilal
2792676,Devr-i_sabık_yaratmak
2795770,Hürriyet_Misakı
2796178,Faiz_lobisi
2832036,Gizli_hücre_sistemi
2836673,Charlie_Hebdo'nun_Recep_Tayyip_Erdoğan_karikatürü
2836910,Kabile_devleti
2840114,Dünya_5'ten_büyüktür
2843784,Efkan_Ala
2852445,Bedia_Özgökçe_Ertan
2859852,2020_İskenderun_çatışması
2861189,Dil_Devrimi
2880263,Recep_Tayyip_Erdoğan'ın_üniversite_diploması_tartışması
2884193,Anayasa_kitapçığı_krizi
2884552,Büyük_Öğretmen_Boykotu
2884713,Mehmet_Bozkurt
2886919,2021_Boğaziçi_Üniversitesi_protestoları
2891339,Akbil_skandalı
2892844,Türkbank_skandalı
2899894,Recep_Tayyip_Erdoğan'ın_2018_cumhurbaşkanlığı_seçim_kampanyası
2900548,Yenikapı_Mitingi
2919631,Gara_Katliamı
